Pressure (Decibar),Depth (Meter),Temperature (Celsius),Conductivity (MicroSiemens per Centimeter),Specific conductance (MicroSiemens per Centimeter),Salinity (Practical Salinity Scale),Sound velocity (Meters per Second),Density (Kilograms per Cubic Meter),lat,lon,cast_time_utc,cast_time_local,device,file_name,source_file
0.15,0.1526102161640594,23.65982405320985,15426.167385436846,15851.030789351218,9.254751069126199,1503.24690821055,1004.351148822079,19.6644734,85.2138391,2025-12-09 09:20:27,2025-12-09 14:50:27,CC1448005,CC1448005_20251209_092027,CC1448005_20251209_092027.csv
0.4499999999999999,0.4578483705398853,23.68267359191101,15428.204987414494,15845.68374032153,9.25134749782438,1503.3100163135723,1004.3440555684348,19.6644734,85.2138391,2025-12-09 09:20:27,2025-12-09 14:50:27,CC1448005,CC1448005_20251209_092027,CC1448005_20251209_092027.csv
0.7499999999999998,0.7630787473651035,23.66480387467973,15455.513791889938,15879.560340662783,9.272756934250866,1503.289956973994,1004.36607232491,19.6644734,85.2138391,2025-12-09 09:20:27,2025-12-09 14:50:27,CC1448005,CC1448005_20251209_092027,CC1448005_20251209_092027.csv
1.05,1.068300275493814,23.589669797745888,15464.355318941512,15913.213017614407,9.294000333159296,1503.1146091844091,1004.4026733229052,19.6644734,85.2138391,2025-12-09 09:20:27,2025-12-09 14:50:27,CC1448005,CC1448005_20251209_092027,CC1448005_20251209_092027.csv
1.35,1.3735098890293105,23.485837412338928,15460.515715509788,15943.331641391136,9.31298410061434,1502.858420325957,1004.4448723274824,19.6644734,85.2138391,2025-12-09 09:20:27,2025-12-09 14:50:27,CC1448005,CC1448005_20251209_092027,CC1448005_20251209_092027.csv
1.65,1.6787066331184024,23.387066095878986,15462.398468513533,15977.821881031994,9.33473055001996,1502.6182414136529,1004.487764501392,19.6644734,85.2138391,2025-12-09 09:20:27,2025-12-09 14:50:27,CC1448005,CC1448005_20251209_092027,CC1448005_20251209_092027.csv
1.95,1.98388683623791,23.325210829273257,15542.809634768784,16081.471107989086,9.400328268668897,1502.5259374716672,1004.5541417106898,19.6644734,85.2138391,2025-12-09 09:20:27,2025-12-09 14:50:27,CC1448005,CC1448005_20251209_092027,CC1448005_20251209_092027.csv
2.25,2.2890265744978637,23.1933187090592,15835.392607700176,16429.03314388629,9.620709948158083,1502.4103951562656,1004.7545854792944,19.6644734,85.2138391,2025-12-09 09:20:27,2025-12-09 14:50:27,CC1448005,CC1448005_20251209_092027,CC1448005_20251209_092027.csv
2.50683465788636,2.5502444729146703,23.275338716782887,15761.272159537852,16324.351706784046,9.554295778639727,1502.566680839567,1004.6850076277334,19.6644734,85.2138391,2025-12-09 09:20:27,2025-12-09 14:50:27,CC1448005,CC1448005_20251209_092027,CC1448005_20251209_092027.csv
0.15,0.1526432371311048,23.741113258227998,15048.5614276889,15437.236063897812,8.993196773586169,1503.1825182936166,1004.1338336318696,19.6644609,85.2138377,2025-12-09 09:37:23,2025-12-09 15:07:23,CC1448005,CC1448005_20251209_093723,CC1448005_20251209_093723.csv
0.4499999999999999,0.4579618834423245,23.782041097175195,14870.454894072169,15241.73093172732,8.869833943496246,1503.164043975238,1004.0320098557858,19.6644609,85.2138377,2025-12-09 09:37:23,2025-12-09 15:07:23,CC1448005,CC1448005_20251209_093723,CC1448005_20251209_093723.csv
0.7499999999999998,0.7632762327992244,23.73218592574748,15019.028108154858,15409.762380697566,8.975796372456301,1503.1495137589484,1004.1257521526642,19.6644609,85.2138377,2025-12-09 09:37:23,2025-12-09 15:07:23,CC1448005,CC1448005_20251209_093723,CC1448005_20251209_093723.csv
1.05,1.068574811091489,23.67480494458659,14989.647350243966,15397.747733461694,8.96816817276072,1502.991056375716,1004.1361250818064,19.6644609,85.2138377,2025-12-09 09:37:23,2025-12-09 15:07:23,CC1448005,CC1448005_20251209_093723,CC1448005_20251209_093723.csv
1.35,1.373867656297727,23.581695456564667,14966.191145395593,15403.117372443685,8.97149337367301,1502.7473456599034,1004.1638482361964,19.6644609,85.2138377,2025-12-09 09:37:23,2025-12-09 15:07:23,CC1448005,CC1448005_20251209_093723,CC1448005_20251209_093723.csv
1.65,1.6791489075560837,23.43777564824541,14944.135233624585,15426.116325147475,8.985906456223997,1502.376712532067,1004.2127795267804,19.6644609,85.2138377,2025-12-09 09:37:23,2025-12-09 15:07:23,CC1448005,CC1448005_20251209_093723,CC1448005_20251209_093723.csv
1.95,1.984416953581164,23.38023823132854,14972.059951888428,15473.321855403035,9.015641771783054,1502.2572155624985,1004.2511083600436,19.6644609,85.2138377,2025-12-09 09:37:23,2025-12-09 15:07:23,CC1448005,CC1448005_20251209_093723,CC1448005_20251209_093723.csv
2.25,2.289653436311238,23.231522841659885,15191.717998088645,15748.743874376309,9.18954285338827,1502.045148663385,1004.4208627487786,19.6644609,85.2138377,2025-12-09 09:37:23,2025-12-09 15:07:23,CC1448005,CC1448005_20251209_093723,CC1448005_20251209_093723.csv
2.486095522351833,2.5298503325363684,23.2711512446174,15212.231945442927,15757.063539207807,9.194817804080131,1502.163300528547,1004.4158435315984,19.6644609,85.2138377,2025-12-09 09:37:23,2025-12-09 15:07:23,CC1448005,CC1448005_20251209_093723,CC1448005_20251209_093723.csv
0.15,0.1527353330373333,23.57451771966505,13659.798908619208,14060.663440297149,8.128150212766064,1501.7900322534283,1003.526870530732,19.690329,85.2101078,2025-12-09 10:44:38,2025-12-09 16:14:38,CC1448005,CC1448005_20251209_104438,CC1448005_20251209_104438.csv
0.4499999999999999,0.4582235217778326,23.5799793807007,13650.032440961531,14049.030706653884,8.120851516938492,1501.8019470732115,1003.5213407188044,19.690329,85.2101078,2025-12-09 10:44:38,2025-12-09 16:14:38,CC1448005,CC1448005_20251209_104438,CC1448005_20251209_104438.csv
0.7499999999999998,0.7637079214635784,23.57376547595819,13630.160239895644,14030.372266117554,8.109158058359814,1501.7773117748393,1003.5154844033816,19.690329,85.2101078,2025-12-09 10:44:38,2025-12-09 16:14:38,CC1448005,CC1448005_20251209_104438,CC1448005_20251209_104438.csv
1.05,1.0691966133749875,23.565899124442023,13575.645171990653,13976.519962294247,8.075466617896627,1501.7242145535863,1003.4935239520858,19.690329,85.2101078,2025-12-09 10:44:38,2025-12-09 16:14:38,CC1448005,CC1448005_20251209_104438,CC1448005_20251209_104438.csv
1.35,1.3746903787328106,23.524821643150336,13517.114878908886,13928.04179509739,8.045138300456758,1501.5843069607336,1003.482535694162,19.690329,85.2101078,2025-12-09 10:44:38,2025-12-09 16:14:38,CC1448005,CC1448005_20251209_104438,CC1448005_20251209_104438.csv
1.65,1.6801870541938129,23.493726533199975,13473.391073174244,13891.890803597076,8.02252168947856,1501.47988656172,1003.474788406106,19.690329,85.2101078,2025-12-09 10:44:38,2025-12-09 16:14:38,CC1448005,CC1448005_20251209_104438,CC1448005_20251209_104438.csv
1.95,1.985687989206952,23.51379015883609,13445.698362470046,13857.604526927593,8.001088770012565,1501.5162462397095,1003.4549357373678,19.690329,85.2101078,2025-12-09 10:44:38,2025-12-09 16:14:38,CC1448005,CC1448005_20251209_104438,CC1448005_20251209_104438.csv
2.2512051399717947,2.292429563565777,23.559085905826556,13339.642893580854,13735.47570422886,7.9248412590187804,1501.5616132663135,1003.3874921945932,19.690329,85.2101078,2025-12-09 10:44:38,2025-12-09 16:14:38,CC1448005,CC1448005_20251209_104438,CC1448005_20251209_104438.csv
0.15,0.1527056905976088,23.54679074376953,14035.569723214909,14455.713249197865,8.37554364351164,1501.9839888536492,1003.7197700105592,19.6903218,85.2100986,2025-12-09 10:46:15,2025-12-09 16:16:15,CC1448005,CC1448005_20251209_104615,CC1448005_20251209_104615.csv
0.4499999999999999,0.4581360527944556,23.563976547322035,14039.123561691888,14454.256590800172,8.374609356598476,1502.0347254401029,1003.7160305391858,19.6903218,85.2100986,2025-12-09 10:46:15,2025-12-09 16:16:15,CC1448005,CC1448005_20251209_104615,CC1448005_20251209_104615.csv
0.7499999999999998,0.7635616617921414,23.56258492550488,14024.729195034204,14439.850366849472,8.36554926629637,1502.0260822377124,1003.7109238186592,19.6903218,85.2100986,2025-12-09 10:46:15,2025-12-09 16:16:15,CC1448005,CC1448005_20251209_104615,CC1448005_20251209_104615.csv
1.05,1.0689875894375502,23.541868510699388,14012.138813771193,14433.04434262012,8.36124957428874,1501.970045784503,1003.7143188058352,19.6903218,85.2100986,2025-12-09 10:46:15,2025-12-09 16:16:15,CC1448005,CC1448005_20251209_104615,CC1448005_20251209_104615.csv
1.35,1.3744110165069974,23.49448493102035,13998.557078347776,14433.143375230851,8.36126978791419,1501.8460386729823,1003.7277417346028,19.6903218,85.2100986,2025-12-09 10:46:15,2025-12-09 16:16:15,CC1448005,CC1448005_20251209_104615,CC1448005_20251209_104615.csv
1.65,1.6798307295587347,23.453587743833605,13986.056644995992,14432.426262156318,8.360778536118122,1501.7389990806957,1003.7391125622398,19.6903218,85.2100986,2025-12-09 10:46:15,2025-12-09 16:16:15,CC1448005,CC1448005_20251209_104615,CC1448005_20251209_104615.csv
1.95,1.9852477448825727,23.434423443768065,13981.673583339742,14433.61207713388,8.361488084566874,1501.6924792107588,1003.7458560716274,19.6903218,85.2100986,2025-12-09 10:46:15,2025-12-09 16:16:15,CC1448005,CC1448005_20251209_104615,CC1448005_20251209_104615.csv
2.2637245229772613,2.304641809846065,23.52178230016801,13975.70342346728,14401.473689702956,8.341345720909743,1501.9139396737655,1003.7099208385508,19.6903218,85.2100986,2025-12-09 10:46:15,2025-12-09 16:16:15,CC1448005,CC1448005_20251209_104615,CC1448005_20251209_104615.csv
0.15,0.1527005502851381,23.534693202600987,14098.168804213445,14523.80542034406,8.418251048992161,1501.9975706505943,1003.7549338990128,19.6903451,85.2100856,2025-12-09 10:48:24,2025-12-09 16:18:24,CC1448005,CC1448005_20251209_104824,CC1448005_20251209_104824.csv
0.4499999999999999,0.458119195751261,23.54209712740553,14096.183223341932,14519.544949144374,8.415554398987224,1502.0197867365046,1003.7523651585282,19.6903451,85.2100856,2025-12-09 10:48:24,2025-12-09 16:18:24,CC1448005,CC1448005_20251209_104824,CC1448005_20251209_104824.csv
0.7499999999999998,0.7635330213046186,23.561624417089572,14103.022035696316,14520.747817831694,8.416289134614999,1502.0787090263761,1003.7492817416014,19.6903451,85.2100856,2025-12-09 10:48:24,2025-12-09 16:18:24,CC1448005,CC1448005_20251209_104824,CC1448005_20251209_104824.csv
1.05,1.0689457258851467,23.51559015987052,14085.1008086089,14516.056346212745,8.413304587455073,1501.955196538128,1003.7601160455216,19.6903451,85.2100856,2025-12-09 10:48:24,2025-12-09 16:18:24,CC1448005,CC1448005_20251209_104824,CC1448005_20251209_104824.csv
1.35,1.3743553438732792,23.47859742707175,14072.528153839898,14514.165942001264,8.41207875071803,1501.8580835303787,1003.7699529876164,19.6903451,85.2100856,2025-12-09 10:48:24,2025-12-09 16:18:24,CC1448005,CC1448005_20251209_104824,CC1448005_20251209_104824.csv
1.65,1.679762035442151,23.452838726529563,14068.993540028445,14518.234544971248,8.414594593946127,1501.7955898776827,1003.7797348462508,19.6903451,85.2100856,2025-12-09 10:48:24,2025-12-09 16:18:24,CC1448005,CC1448005_20251209_104824,CC1448005_20251209_104824.csv
1.95,1.9851647055981951,23.41369931259168,14069.51488401311,14530.510045484005,8.422252477633142,1501.7021171638712,1003.7967702020863,19.6903451,85.2100856,2025-12-09 10:48:24,2025-12-09 16:18:24,CC1448005,CC1448005_20251209_104824,CC1448005_20251209_104824.csv
2.23724451852501,2.277583231223962,23.479413861170208,14071.210071975567,14512.562086941778,8.410995687564268,1501.873928965254,1003.7729066902394,19.6903451,85.2100856,2025-12-09 10:48:24,2025-12-09 16:18:24,CC1448005,CC1448005_20251209_104824,CC1448005_20251209_104824.csv
0.15,0.1526957381618343,23.519746789860577,14148.165520530521,14579.801479391828,8.453384682609919,1501.9951441790085,1003.7851340690564,19.6903659,85.210104,2025-12-09 10:51:32,2025-12-09 16:21:32,CC1448005,CC1448005_20251209_105132,CC1448005_20251209_105132.csv
0.4499999999999999,0.4581064258541485,23.5429684792184,14154.213164972673,14579.056049108523,8.452898644997822,1502.0628157430365,1003.7801948785922,19.6903659,85.210104,2025-12-09 10:51:32,2025-12-09 16:21:32,CC1448005,CC1448005_20251209_105132,CC1448005_20251209_105132.csv
0.7499999999999998,0.7635119350170994,23.547328865215672,14152.53800649598,14576.021314981474,8.450969199220088,1502.0775821829286,1003.7789775287466,19.6903659,85.210104,2025-12-09 10:51:32,2025-12-09 16:21:32,CC1448005,CC1448005_20251209_105132,CC1448005_20251209_105132.csv
1.05,1.068917580982065,23.53132580624997,14138.198563688326,14566.054325542014,8.444682308464383,1502.032200027283,1003.7796782450956,19.6903659,85.210104,2025-12-09 10:51:32,2025-12-09 16:21:32,CC1448005,CC1448005_20251209_105132,CC1448005_20251209_105132.csv
1.35,1.3743219299635154,23.48992807032289,14118.635966222048,14558.31811685345,8.439786030875116,1501.9191417229952,1003.7878858104384,19.6903659,85.210104,2025-12-09 10:51:32,2025-12-09 16:21:32,CC1448005,CC1448005_20251209_105132,CC1448005_20251209_105132.csv
1.65,1.679718323985993,23.365846734079824,14106.476857370068,14583.09717488134,8.455253982713817,1501.6023313466562,1003.8323547667544,19.6903659,85.210104,2025-12-09 10:51:32,2025-12-09 16:21:32,CC1448005,CC1448005_20251209_105132,CC1448005_20251209_105132.csv
1.95,1.985107195419871,23.355651344876254,14106.503385065456,14586.199330101852,8.457169234789847,1501.5815428745907,1003.837720697476,19.6903659,85.210104,2025-12-09 10:51:32,2025-12-09 16:21:32,CC1448005,CC1448005_20251209_105132,CC1448005_20251209_105132.csv
2.248559112548828,2.2890289798342947,23.36669382668347,14106.821273213323,14583.197813523817,8.455265077512912,1501.614640982169,1003.8348308281892,19.6903659,85.210104,2025-12-09 10:51:32,2025-12-09 16:21:32,CC1448005,CC1448005_20251209_105132,CC1448005_20251209_105132.csv
0.15,0.1526941854211877,23.50016730609897,14156.785390439623,14594.573768263464,8.462649606727478,1501.9519182735926,1003.7970799634346,19.6903662,85.210106,2025-12-09 10:54:23,2025-12-09 16:24:23,CC1448005,CC1448005_20251209_105423,CC1448005_20251209_105423.csv
0.4499999999999999,0.4580996292365612,23.499922415068816,14151.157932485969,14588.84594843108,8.459027976343425,1501.9523117062186,1003.7957655508092,19.6903662,85.210106,2025-12-09 10:54:23,2025-12-09 16:24:23,CC1448005,CC1448005_20251209_105423,CC1448005_20251209_105423.csv
0.7499999999999998,0.7634998619892129,23.49991018741944,14146.05583954507,14583.589727156304,8.455702596964075,1501.953661446266,1003.794614464702,19.6903662,85.210106,2025-12-09 10:54:23,2025-12-09 16:24:23,CC1448005,CC1448005_20251209_105423,CC1448005_20251209_105423.csv
1.05,1.0689002680847892,23.49884111223404,14143.271627717711,14581.040807746243,8.45407614438773,1501.9539826408893,1003.7950086882112,19.6903662,85.210106,2025-12-09 10:54:23,2025-12-09 16:24:23,CC1448005,CC1448005_20251209_105423,CC1448005_20251209_105423.csv
1.35,1.374298952773747,23.45990708042557,14132.098646684546,14581.227552944412,8.454151430489553,1501.8529576745673,1003.8063130820108,19.6903662,85.210106,2025-12-09 10:54:23,2025-12-09 16:24:23,CC1448005,CC1448005_20251209_105423,CC1448005_20251209_105423.csv
1.65,1.6796918914747256,23.38258034779651,14121.706385315669,14593.792108443024,8.461975233769245,1501.655397665366,1003.833164667601,19.6903662,85.210106,2025-12-09 10:54:23,2025-12-09 16:24:23,CC1448005,CC1448005_20251209_105423,CC1448005_20251209_105423.csv
1.95,1.9850782802305669,23.33538526941136,14114.759425896436,14600.855405645068,8.46635712204751,1501.5361199121674,1003.8497553612614,19.6903662,85.210106,2025-12-09 10:54:23,2025-12-09 16:24:23,CC1448005,CC1448005_20251209_105423,CC1448005_20251209_105423.csv
2.2106133391891696,2.250373762929948,23.438089273248508,14116.93890682576,14572.146753342617,8.448367461570204,1501.801496855248,1003.8113672389836,19.6903662,85.210106,2025-12-09 10:54:23,2025-12-09 16:24:23,CC1448005,CC1448005_20251209_105423,CC1448005_20251209_105423.csv
0.15,0.1526931571708178,23.478588716880253,14151.696636387196,14595.821589438692,8.463424402251666,1501.8939705444411,1003.803153081256,19.6903553,85.2100975,2025-12-09 10:56:18,2025-12-09 16:26:18,CC1448005,CC1448005_20251209_105618,CC1448005_20251209_105618.csv
0.4499999999999999,0.4580980337827507,23.493410339632423,14146.685737755044,14586.193916530265,8.457360876814144,1501.9327570681576,1003.7961707003532,19.6903553,85.2100975,2025-12-09 10:56:18,2025-12-09 16:26:18,CC1448005,CC1448005_20251209_105618,CC1448005_20251209_105618.csv
0.7499999999999998,0.7634978679786351,23.49048244294425,14145.760980808023,14586.12109856039,8.457287790209364,1501.9297051038427,1003.7982048618616,19.6903553,85.2100975,2025-12-09 10:56:18,2025-12-09 16:26:18,CC1448005,CC1448005_20251209_105618,CC1448005_20251209_105618.csv
1.05,1.06889701490695,23.480551259088774,14140.844971954471,14584.038964803904,8.455950750591798,1501.9061916097137,1003.8010711915574,19.6903553,85.2100975,2025-12-09 10:56:18,2025-12-09 16:26:18,CC1448005,CC1448005_20251209_105618,CC1448005_20251209_105618.csv
1.35,1.374294583711592,23.447954756381108,14127.821591741926,14580.410734346988,8.453633634590004,1501.819795304092,1003.8089616399144,19.6903553,85.2100975,2025-12-09 10:56:18,2025-12-09 16:26:18,CC1448005,CC1448005_20251209_105618,CC1448005_20251209_105618.csv
1.65,1.6796881442909926,23.399154248426644,14124.153011837956,14591.322132759276,8.460433197280825,1501.6989990737002,1003.827803354772,19.6903553,85.2100975,2025-12-09 10:56:18,2025-12-09 16:26:18,CC1448005,CC1448005_20251209_105618,CC1448005_20251209_105618.csv
1.95,1.985076557896739,23.357540698944195,14119.230240452696,14598.788561595486,8.465071955266023,1501.5953249805057,1003.8431805640912,19.6903553,85.2100975,2025-12-09 10:56:18,2025-12-09 16:26:18,CC1448005,CC1448005_20251209_105618,CC1448005_20251209_105618.csv
2.298459650765002,2.339795892043972,23.40655572800683,14115.052298582985,14579.690794253687,8.453079723428111,1501.7220153479802,1003.8233062562967,19.6903553,85.2100975,2025-12-09 10:56:18,2025-12-09 16:26:18,CC1448005,CC1448005_20251209_105618,CC1448005_20251209_105618.csv
0.15,0.1526988033104707,23.606208070804826,14174.271472347293,14580.721305907657,8.453989028318174,1502.23088989422,1003.7635286863986,19.7159163,85.1955625,2025-12-09 11:26:03,2025-12-09 16:56:03,CC1448005,CC1448005_20251209_112603,CC1448005_20251209_112603.csv
0.4499999999999999,0.4581154931649469,23.608846962210087,14164.707632533198,14570.092192831942,8.447292359853337,1502.2357746626035,1003.7591681857432,19.7159163,85.1955625,2025-12-09 11:26:03,2025-12-09 16:56:03,CC1448005,CC1448005_20251209_112603,CC1448005_20251209_112603.csv
0.7499999999999998,0.7635269578433306,23.60849293968836,14158.797593403317,14564.119084057013,8.443517418874546,1502.2357112388402,1003.7577669467796,19.7159163,85.1955625,2025-12-09 11:26:03,2025-12-09 16:56:03,CC1448005,CC1448005_20251209_112603,CC1448005_20251209_112603.csv
1.05,1.0689389991434113,23.611807423646088,14154.639680177614,14558.849413704802,8.440185064930196,1502.246091428252,1003.7557605929117,19.7159163,85.1955625,2025-12-09 11:26:03,2025-12-09 16:56:03,CC1448005,CC1448005_20251209_112603,CC1448005_20251209_112603.csv
1.31523683299757,1.3389612875288388,23.620949806082407,14156.20670346036,14557.723327002386,8.43945763408792,1502.2745480827418,1003.7540650770268,19.7159163,85.1955625,2025-12-09 11:26:03,2025-12-09 16:56:03,CC1448005,CC1448005_20251209_112603,CC1448005_20251209_112603.csv
0.15,0.1526691252018616,23.615640624381108,14582.967721774936,14998.226429275384,8.716416973938928,1502.5420004239324,1003.9582131372208,19.7159391,85.1956448,2025-12-09 11:30:02,2025-12-09 17:00:02,CC1448005,CC1448005_20251209_113002,CC1448005_20251209_113002.csv
0.4499999999999999,0.4580264793053111,23.616381448143397,14576.99380717731,14991.853952279278,8.712379256805747,1502.544624791786,1003.9563340708852,19.7159391,85.1956448,2025-12-09 11:30:02,2025-12-09 17:00:02,CC1448005,CC1448005_20251209_113002,CC1448005_20251209_113002.csv
0.7499999999999998,0.7633776983201044,23.61544922971332,14576.02422752544,14991.144233443294,8.711905324651745,1502.5465865343854,1003.9575598230643,19.7159391,85.1956448,2025-12-09 11:30:02,2025-12-09 17:00:02,CC1448005,CC1448005_20251209_113002,CC1448005_20251209_113002.csv
1.05,1.068728215816645,23.606237771453188,14573.450812590574,14991.338026525553,8.71199730455351,1502.5266986850618,1003.9613297743034,19.7159391,85.1956448,2025-12-09 11:30:02,2025-12-09 17:00:02,CC1448005,CC1448005_20251209_113002,CC1448005_20251209_113002.csv
1.3851807334206327,1.409887562419774,23.626088150504696,14572.071321619276,14983.799721372436,8.707229189418046,1502.5809599922388,1003.9541672902808,19.7159391,85.1956448,2025-12-09 11:30:02,2025-12-09 17:00:02,CC1448005,CC1448005_20251209_113002,CC1448005_20251209_113002.csv
0.15,0.1526657377011632,23.5856410382384,14609.948086947395,15035.25298292238,8.739715537529746,1502.485925415912,1003.9833880534736,19.715883,85.195695,2025-12-09 11:33:48,2025-12-09 17:03:48,CC1448005,CC1448005_20251209_113348,CC1448005_20251209_113348.csv
0.4499999999999999,0.4580125644277424,23.596554768272718,14627.39372380162,15049.825850361947,8.748867931841449,1502.5305141226145,1003.9888131426156,19.715883,85.195695,2025-12-09 11:33:48,2025-12-09 17:03:48,CC1448005,CC1448005_20251209_113348,CC1448005_20251209_113348.csv
0.7499999999999998,0.7633531150856798,23.59734450741701,14626.641643790972,15048.807493543838,8.748199959271808,1502.5369371017423,1003.989452412208,19.715883,85.195695,2025-12-09 11:33:48,2025-12-09 17:03:48,CC1448005,CC1448005_20251209_113348,CC1448005_20251209_113348.csv
1.05,1.0686937777741623,23.595573598407505,14620.41824827558,15042.952645335889,8.744485851689747,1502.5330964576929,1003.988459112376,19.715883,85.195695,2025-12-09 11:33:48,2025-12-09 17:03:48,CC1448005,CC1448005_20251209_113348,CC1448005_20251209_113348.csv
1.431909270035593,1.4574030950717507,23.601889807613148,14612.171567929849,15032.513782664631,8.737881371547221,1502.549427951762,1003.9835922245768,19.715883,85.195695,2025-12-09 11:33:48,2025-12-09 17:03:48,CC1448005,CC1448005_20251209_113348,CC1448005_20251209_113348.csv
0.15,0.1526695765450048,21.95542091510321,13264.16367453022,14124.2091073065,8.166149139223881,1497.3261193403036,1003.9557206860388,19.7265974,85.243467,2025-12-10 04:03:05,2025-12-10 09:33:05,CC1448005,CC1448005_20251210_040305,CC1448005_20251210_040305.csv
0.4499999999999999,0.4580259457421982,21.944023048125025,13260.698572398727,14123.947748155735,8.165936675172922,1497.298432643683,1003.9596412641976,19.7265974,85.243467,2025-12-10 04:03:05,2025-12-10 09:33:05,CC1448005,CC1448005_20251210_040305,CC1448005_20251210_040305.csv
0.7499999999999998,0.7633753827427868,21.925333949679835,13249.63472816478,14117.784161507476,8.162018919964643,1497.245890151509,1003.96251320681,19.7265974,85.243467,2025-12-10 04:03:05,2025-12-10 09:33:05,CC1448005,CC1448005_20251210_040305,CC1448005_20251210_040305.csv
1.05,1.0687241151237352,21.90562801100645,13236.365813660968,14109.571041832169,8.156817526559617,1497.1890063462563,1003.9646574010484,19.7265974,85.243467,2025-12-10 04:03:05,2025-12-10 09:33:05,CC1448005,CC1448005_20251210_040305,CC1448005_20251210_040305.csv
1.35,1.3740721174644006,21.90242028786879,13237.344405836124,14111.57923683944,8.158040131490646,1497.1861968670441,1003.9676965334781,19.7265974,85.243467,2025-12-10 04:03:05,2025-12-10 09:33:05,CC1448005,CC1448005_20251210_040305,CC1448005_20251210_040305.csv
1.65,1.6794232772024629,21.958188578018685,13230.1893667509,14087.201580156358,8.142885262042713,1497.3332811630416,1003.944277954956,19.7265974,85.243467,2025-12-10 04:03:05,2025-12-10 09:33:05,CC1448005,CC1448005_20251210_040305,CC1448005_20251210_040305.csv
1.9995274770827525,2.0351922892587506,21.962129658145013,13199.458772315003,14053.30089201536,8.121672716593563,1497.3269282222732,1003.9289210821028,19.7265974,85.243467,2025-12-10 04:03:05,2025-12-10 09:33:05,CC1448005,CC1448005_20251210_040305,CC1448005_20251210_040305.csv
0.15,0.1526705655072525,21.964194283960488,13257.828245096684,14114.825610480644,8.160299157133924,1497.3446345952857,1003.94920972516,19.7265651,85.2434919,2025-12-10 04:04:23,2025-12-10 09:34:23,CC1448005,CC1448005_20251210_040423,CC1448005_20251210_040423.csv
0.4499999999999999,0.45802863710813,21.950014644552702,13255.983788029229,14117.12423136297,8.16168200802325,1497.3107969031466,1003.954999765192,19.7265651,85.2434919,2025-12-10 04:04:23,2025-12-10 09:34:23,CC1448005,CC1448005_20251210_040423,CC1448005_20251210_040423.csv
0.7499999999999998,0.7633779494988414,21.916377475793087,13253.785082312468,14124.902427889783,8.166451667341256,1497.2252663625366,1003.967996997872,19.7265651,85.2434919,2025-12-10 04:04:23,2025-12-10 09:34:23,CC1448005,CC1448005_20251210_040423,CC1448005_20251210_040423.csv
1.05,1.068724450105095,21.90174139621605,13251.773642413087,14127.165908899724,8.16781076894326,1497.1900490068758,1003.9738723059868,19.7265651,85.2434919,2025-12-10 04:04:23,2025-12-10 09:34:23,CC1448005,CC1448005_20251210_040423,CC1448005_20251210_040423.csv
1.35,1.3740690829109516,21.899274137621862,13260.77521345988,14137.505811441008,8.17424487913367,1497.1950936611274,1003.9806622935786,19.7265651,85.2434919,2025-12-10 04:04:23,2025-12-10 09:34:23,CC1448005,CC1448005_20251210_040423,CC1448005_20251210_040423.csv
1.65,1.6794124510256223,21.903003651382427,13264.744708535927,14140.613261284132,8.17616924784247,1497.212825924336,1003.9825716370946,19.7265651,85.2434919,2025-12-10 04:04:23,2025-12-10 09:34:23,CC1448005,CC1448005_20251210_040423,CC1448005_20251210_040423.csv
1.9908143833119387,2.0262984004773736,21.93235903463181,13266.607349256794,14133.752939488131,8.171908818546369,1497.2974063742313,1003.9738714209514,19.7265651,85.2434919,2025-12-10 04:04:23,2025-12-10 09:34:23,CC1448005,CC1448005_20251210_040423,CC1448005_20251210_040423.csv
0.15,0.1526714452730234,21.958769727342062,13244.951891164044,14102.74584286232,8.15273585351462,1497.3208684078666,1003.9448097721776,19.7265979,85.243444,2025-12-10 04:08:24,2025-12-10 09:38:24,CC1448005,CC1448005_20251210_040824,CC1448005_20251210_040824.csv
0.4499999999999999,0.4580294518708923,21.928926503361037,13238.591787489207,14104.937800506756,8.154020629858424,1497.2423221126833,1003.9542747967612,19.7265979,85.243444,2025-12-10 04:08:24,2025-12-10 09:38:24,CC1448005,CC1448005_20251210_040824,CC1448005_20251210_040824.csv
0.7499999999999998,0.763379025819137,21.906280658101103,13238.644709731338,14111.803924753214,8.1582413031697,1497.187451972488,1003.9642237442828,19.7265979,85.243444,2025-12-10 04:08:24,2025-12-10 09:38:24,CC1448005,CC1448005_20251210_040824,CC1448005_20251210_040824.csv
1.05,1.0687264339668767,21.898782457670983,13239.640904427692,14115.122195738531,8.160274273890376,1497.1733092295174,1003.9688993874436,19.7265979,85.243444,2025-12-10 04:08:24,2025-12-10 09:38:24,CC1448005,CC1448005_20251210_040824,CC1448005_20251210_040824.csv
1.35,1.374071538930133,21.872530878214505,13238.77531227207,14122.104209253625,8.164559204253608,1497.1081748087006,1003.9797520632084,19.7265979,85.243444,2025-12-10 04:08:24,2025-12-10 09:38:24,CC1448005,CC1448005_20251210_040824,CC1448005_20251210_040824.csv
1.65,1.6794151009680227,21.874782779598945,13237.182709248178,14119.726987843584,8.163051071700766,1497.1179171736612,1003.9794283225376,19.7265979,85.243444,2025-12-10 04:08:24,2025-12-10 09:38:24,CC1448005,CC1448005_20251210_040824,CC1448005_20251210_040824.csv
1.957170393807548,1.9920600479367836,21.974425171725173,13269.352769958818,14124.018251899655,8.165908198691206,1497.4099391952443,1003.9591189297298,19.7265979,85.243444,2025-12-10 04:08:24,2025-12-10 09:38:24,CC1448005,CC1448005_20251210_040824,CC1448005_20251210_040824.csv
0.15,0.1526735930058853,22.01492480208628,13257.172190539688,14098.897580233292,8.150438560465632,1497.4779893647578,1003.9296090320152,19.7265611,85.2434206,2025-12-10 04:14:23,2025-12-10 09:44:23,CC1448005,CC1448005_20251210_041423,CC1448005_20251210_041423.csv
0.4499999999999999,0.4580378910750292,22.01248879414739,13258.300506129965,14100.828148222285,8.15161460521707,1497.4773488315284,1003.9324304521764,19.7265611,85.2434206,2025-12-10 04:14:23,2025-12-10 09:44:23,CC1448005,CC1448005_20251210_041423,CC1448005_20251210_041423.csv
0.7499999999999998,0.7633941786117172,21.946327163953555,13228.794104620472,14089.274820606026,8.144236912100862,1497.286062650697,1003.9440862249304,19.7265611,85.2434206,2025-12-10 04:14:23,2025-12-10 09:44:23,CC1448005,CC1448005_20251210_041423,CC1448005_20251210_041423.csv
1.05,1.0687468831702684,21.89562799662482,13212.326377486268,14086.948977884662,8.142654760966048,1497.144895795168,1003.956373300633,19.7265611,85.2434206,2025-12-10 04:14:23,2025-12-10 09:44:23,CC1448005,CC1448005_20251210_041423,CC1448005_20251210_041423.csv
1.35,1.3740965948909534,21.877854333355543,13211.74805706638,14091.673184437614,8.145545117209497,1497.102392809088,1003.9641489396164,19.7265611,85.2434206,2025-12-10 04:14:23,2025-12-10 09:44:23,CC1448005,CC1448005_20251210_041423,CC1448005_20251210_041423.csv
1.65,1.6794439848460607,21.86340896675005,13213.877312693829,14098.288626494472,8.149624326415882,1497.0706717267883,1003.9720235486494,19.7265611,85.2434206,2025-12-10 04:14:23,2025-12-10 09:44:23,CC1448005,CC1448005_20251210_041423,CC1448005_20251210_041423.csv
2.017435660148358,2.0534309757401235,21.929599078066303,13225.18047275498,14090.446895524505,8.144824986652406,1497.260141547933,1003.9542400849872,19.7265611,85.2434206,2025-12-10 04:14:23,2025-12-10 09:44:23,CC1448005,CC1448005_20251210_041423,CC1448005_20251210_041423.csv
0.15,0.1526746304455903,22.01663553993479,13241.716916498945,14081.948617156742,8.139845890211491,1497.4711825873574,1003.9212163006356,19.7265627,85.2434248,2025-12-10 04:17:47,2025-12-10 09:47:47,CC1448005,CC1448005_20251210_041747,CC1448005_20251210_041747.csv
0.4499999999999999,0.4580422230656568,22.01518459374436,13246.399737674326,14087.363319038031,8.143201795998253,1497.4757416285272,1003.9254437990404,19.7265627,85.2434248,2025-12-10 04:17:47,2025-12-10 09:47:47,CC1448005,CC1448005_20251210_041747,CC1448005_20251210_041747.csv
0.7499999999999998,0.7634009674584767,21.981256205146543,13243.20806279686,14094.140017211948,8.14734686682996,1497.3888598201263,1003.9380594449432,19.7265627,85.2434248,2025-12-10 04:17:47,2025-12-10 09:47:47,CC1448005,CC1448005_20251210_041747,CC1448005_20251210_041747.csv
1.05,1.0687553243710872,21.89813323377968,13210.838402823283,14084.610081353743,8.141197809508546,1497.1504301441385,1003.954676420076,19.7265627,85.2434248,2025-12-10 04:17:47,2025-12-10 09:47:47,CC1448005,CC1448005_20251210_041747,CC1448005_20251210_041747.csv
1.35,1.3741059830069255,21.86678306273985,13200.641472244644,14083.15293858888,8.140196219716113,1497.0649184682793,1003.9627607001868,19.7265627,85.2434248,2025-12-10 04:17:47,2025-12-10 09:47:47,CC1448005,CC1448005_20251210_041747,CC1448005_20251210_041747.csv
1.65,1.679455048071367,21.85682542269757,13196.017625907049,14081.211762496892,8.138935767016937,1497.0401022926353,1003.9655380758581,19.7265627,85.2434248,2025-12-10 04:17:47,2025-12-10 09:47:47,CC1448005,CC1448005_20251210_041747,CC1448005_20251210_041747.csv
2.0169015357915767,2.052897901785538,21.87247660335106,13206.481757253194,14087.672248482197,8.142974318670355,1497.0952987103062,1003.9664983446618,19.7265627,85.2434248,2025-12-10 04:17:47,2025-12-10 09:47:47,CC1448005,CC1448005_20251210_041747,CC1448005_20251210_041747.csv
0.15,0.1526728716137718,22.827408651944346,13895.453934068815,14526.66402563284,8.419542358713501,1500.0550247936394,1003.9338104431364,19.7289959,85.2754544,2025-12-10 04:48:35,2025-12-10 10:18:35,CC1448005,CC1448005_20251210_044835,CC1448005_20251210_044835.csv
0.4499999999999999,0.458034113330389,22.77161337227937,13880.681641390727,14528.169200838973,8.420397042152894,1499.9059684039212,1003.9496357741544,19.7289959,85.2754544,2025-12-10 04:48:35,2025-12-10 10:18:35,CC1448005,CC1448005_20251210_044835,CC1448005_20251210_044835.csv
0.7499999999999998,0.7633846989556039,22.707195423223972,13858.009236264228,14524.024220377998,8.417693544398858,1499.7287631133622,1003.9648863115632,19.7289959,85.2754544,2025-12-10 04:48:35,2025-12-10 10:18:35,CC1448005,CC1448005_20251210_044835,CC1448005_20251210_044835.csv
1.05,1.0687315177019017,22.66408827664292,13841.392593450408,14519.72868243572,8.4149185853551,1499.6105932892538,1003.974788755831,19.7289959,85.2754544,2025-12-10 04:48:35,2025-12-10 10:18:35,CC1448005,CC1448005_20251210_044835,CC1448005_20251210_044835.csv
1.35,1.3740758392078447,22.62661699356141,13823.1926981581,14512.045543804676,8.41002454411244,1499.5056865764188,1003.9816907520012,19.7289959,85.2754544,2025-12-10 04:48:35,2025-12-10 10:18:35,CC1448005,CC1448005_20251210_044835,CC1448005_20251210_044835.csv
1.65,1.6794196368633187,22.620011891331536,13809.122788604527,14499.285321596337,8.401986869979494,1499.4834315321114,1003.9786162912748,19.7289959,85.2754544,2025-12-10 04:48:35,2025-12-10 10:18:35,CC1448005,CC1448005_20251210_044835,CC1448005_20251210_044835.csv
1.95,1.9847688263357104,22.63582938066056,13754.251998809515,14436.876798027934,8.362853134870724,1499.489685180219,1003.946617731414,19.7289959,85.2754544,2025-12-10 04:48:35,2025-12-10 10:18:35,CC1448005,CC1448005_20251210_044835,CC1448005_20251210_044835.csv
2.1823377237087342,2.2212527839482856,22.665687710419338,13780.812595565872,14455.694711977792,8.374667153761738,1499.5897967229137,1003.9491906391376,19.7289959,85.2754544,2025-12-10 04:48:35,2025-12-10 10:18:35,CC1448005,CC1448005_20251210_044835,CC1448005_20251210_044835.csv
0.15,0.152664067197533,22.84654912332556,14027.03494725754,14658.35593608072,8.502207810346954,1500.198586960087,1003.9912390659268,19.7289618,85.2754593,2025-12-10 04:50:52,2025-12-10 10:20:52,CC1448005,CC1448005_20251210_045052,CC1448005_20251210_045052.csv
0.4499999999999999,0.4580087568803236,22.8082613771269,14017.63043841173,14660.259581326503,8.503333038642493,1500.0985664623936,1004.00294105058,19.7289618,85.2754593,2025-12-10 04:50:52,2025-12-10 10:20:52,CC1448005,CC1448005_20251210_045052,CC1448005_20251210_045052.csv
0.7499999999999998,0.7633439691843042,22.76684215926976,14003.71131157349,14658.401810277395,8.502091272706798,1499.9871374111442,1004.013624989964,19.7289618,85.2754593,2025-12-10 04:50:52,2025-12-10 10:20:52,CC1448005,CC1448005_20251210_045052,CC1448005_20251210_045052.csv
1.05,1.0686760593576927,22.718474754990904,13983.419625355864,14651.997677161016,8.49798475315352,1499.8530989634232,1004.02385639166,19.7289618,85.2754593,2025-12-10 04:50:52,2025-12-10 10:20:52,CC1448005,CC1448005_20251210_045052,CC1448005_20251210_045052.csv
1.35,1.374002991715743,22.648072787121063,13973.731208899444,14663.479959966444,8.505075458847454,1499.669709783899,1004.0479291505056,19.7289618,85.2754593,2025-12-10 04:50:52,2025-12-10 10:20:52,CC1448005,CC1448005_20251210_045052,CC1448005_20251210_045052.csv
1.65,1.6793253590367017,22.627164260840534,13967.340764880426,14663.208466900574,8.504849916610201,1499.616128362611,1004.0542625150468,19.7289618,85.2754593,2025-12-10 04:50:52,2025-12-10 10:20:52,CC1448005,CC1448005_20251210_045052,CC1448005_20251210_045052.csv
1.95,1.984646725010859,22.619440026439072,13959.859288914387,14657.731465514558,8.501374026750783,1499.5957557155414,1004.0548977072845,19.7289618,85.2754593,2025-12-10 04:50:52,2025-12-10 10:20:52,CC1448005,CC1448005_20251210_045052,CC1448005_20251210_045052.csv
2.141853985865472,2.1799046617753723,22.653361555687148,13966.267315943564,14654.021101557286,8.49907317944288,1499.691062730119,1004.0456632715392,19.7289618,85.2754593,2025-12-10 04:50:52,2025-12-10 10:20:52,CC1448005,CC1448005_20251210_045052,CC1448005_20251210_045052.csv
0.15,0.1526596421347867,22.7854020829271,14035.433091260662,14685.900379056642,8.519433015529462,1500.0477055492993,1004.0193772213452,19.7289795,85.2754466,2025-12-10 04:53:04,2025-12-10 10:23:04,CC1448005,CC1448005_20251210_045304,CC1448005_20251210_045304.csv
0.4499999999999999,0.4579972333131793,22.769426658888616,14032.124042586736,14687.348189028067,8.520296242578548,1500.0092548435357,1004.025333791015,19.7289795,85.2754466,2025-12-10 04:53:04,2025-12-10 10:23:04,CC1448005,CC1448005_20251210_045304,CC1448005_20251210_045304.csv
0.7499999999999998,0.7633259828952458,22.72817480921448,14017.622082270667,14684.85034081421,8.518650400991923,1499.8977297073554,1004.035658317813,19.7289795,85.2754466,2025-12-10 04:53:04,2025-12-10 10:23:04,CC1448005,CC1448005_20251210_045304,CC1448005_20251210_045304.csv
1.05,1.0686506821973083,22.667366292622944,14000.565412850852,14685.692226945624,8.519074197963146,1499.733843838364,1004.0523544234788,19.7289795,85.2754466,2025-12-10 04:53:04,2025-12-10 10:23:04,CC1448005,CC1448005_20251210_045304,CC1448005_20251210_045304.csv
1.35,1.373970545943647,22.61047449731165,13984.23821508074,14686.09414496632,8.519222829810364,1499.5803041913473,1004.0678443758064,19.7289795,85.2754466,2025-12-10 04:53:04,2025-12-10 10:23:04,CC1448005,CC1448005_20251210_045304,CC1448005_20251210_045304.csv
1.65,1.6792877194480431,22.598272040063748,13977.162967734366,14682.426870422632,8.51687621669209,1499.5486545129409,1004.0704311442367,19.7289795,85.2754466,2025-12-10 04:53:04,2025-12-10 10:23:04,CC1448005,CC1448005_20251210_045304,CC1448005_20251210_045304.csv
1.95,1.9846044026211132,22.597755856631625,13976.140066544183,14681.511570252884,8.516273764320898,1499.5515456193389,1004.0714521169934,19.7289795,85.2754466,2025-12-10 04:53:04,2025-12-10 10:23:04,CC1448005,CC1448005_20251210_045304,CC1448005_20251210_045304.csv
2.1946820415150032,2.2336251056133403,22.610455915738594,13944.600649013342,14644.472921759689,8.493016761870281,1499.5655898454647,1004.0519207837232,19.7289795,85.2754466,2025-12-10 04:53:04,2025-12-10 10:23:04,CC1448005,CC1448005_20251210_045304,CC1448005_20251210_045304.csv
0.15,0.1527296736177175,22.708078273891573,13041.644513350717,13668.172126404645,7.88252542966112,1499.1347810168209,1003.5592798590357,19.7276128,85.3144589,2025-12-10 05:48:26,2025-12-10 11:18:26,CC1448005,CC1448005_20251210_054826,CC1448005_20251210_054826.csv
0.4499999999999999,0.4582086508579902,22.7140877650797,13035.729910715809,13660.252685639956,7.877569127074401,1499.151100726103,1003.5554179935764,19.7276128,85.3144589,2025-12-10 05:48:26,2025-12-10 11:18:26,CC1448005,CC1448005_20251210_054826,CC1448005_20251210_054826.csv
0.7499999999999998,0.7636824738858905,22.7109481145305,13023.019593733534,13647.831481436582,7.869797405403777,1499.1388178937511,1003.551691168334,19.7276128,85.3144589,2025-12-10 05:48:26,2025-12-10 11:18:26,CC1448005,CC1448005_20251210_054826,CC1448005_20251210_054826.csv
1.05,1.069157659694456,22.707198708668635,13007.565224956255,13632.70698871774,7.860340793893198,1499.1229855751803,1003.5468464840784,19.7276128,85.3144589,2025-12-10 05:48:26,2025-12-10 11:18:26,CC1448005,CC1448005_20251210_054826,CC1448005_20251210_054826.csv
1.35,1.3746353986232376,22.706400160083632,12980.752022013929,13604.83287195817,7.842942551108479,1499.106675817403,1003.5352988802556,19.7276128,85.3144589,2025-12-10 05:48:26,2025-12-10 11:18:26,CC1448005,CC1448005_20251210_054826,CC1448005_20251210_054826.csv
1.65,1.6801162144138366,22.70528506467192,12960.328166835829,13583.744599016743,7.829775668192464,1499.0941215763594,1003.5270133103326,19.7276128,85.3144589,2025-12-10 05:48:26,2025-12-10 11:18:26,CC1448005,CC1448005_20251210_054826,CC1448005_20251210_054826.csv
1.8952757405393967,1.9298748802665124,22.712936438874735,12950.706908729764,13571.483831561043,7.8221238853824175,1499.1111582648373,1003.5204734282256,19.7276128,85.3144589,2025-12-10 05:48:26,2025-12-10 11:18:26,CC1448005,CC1448005_20251210_054826,CC1448005_20251210_054826.csv
0.15,0.1527139420382734,22.712670643674645,13259.628203180377,13895.290312090536,8.024248462115706,1499.3029399878626,1003.6647933568072,19.7276176,85.3144485,2025-12-10 05:52:17,2025-12-10 11:22:17,CC1448005,CC1448005_20251210_055217,CC1448005_20251210_055217.csv
0.4499999999999999,0.4581591023542899,22.712682467007184,13254.480098681855,13889.891967242867,8.020851886011679,1499.3042438973068,1003.6635823421166,19.7276176,85.3144485,2025-12-10 05:52:17,2025-12-10 11:22:17,CC1448005,CC1448005_20251210_055217,CC1448005_20251210_055217.csv
0.7499999999999998,0.7635989073739251,22.712380204270183,13249.951903797311,13885.234657200628,8.017917854737183,1499.305179163708,1003.6627968189053,19.7276176,85.3144485,2025-12-10 05:52:17,2025-12-10 11:22:17,CC1448005,CC1448005_20251210_055217,CC1448005_20251210_055217.csv
1.05,1.0690390046240226,22.71046748252007,13244.24008356879,13879.805399539577,8.014500190403346,1499.301094567108,1003.6620444095142,19.7276176,85.3144485,2025-12-10 05:52:17,2025-12-10 11:22:17,CC1448005,CC1448005_20251210_055217,CC1448005_20251210_055217.csv
1.35,1.374478831293093,22.70880465090763,13246.166746651676,13882.308353327897,8.016035867414601,1499.3031354866334,1003.6649576291148,19.7276176,85.3144485,2025-12-10 05:52:17,2025-12-10 11:22:17,CC1448005,CC1448005_20251210_055217,CC1448005_20251210_055217.csv
1.65,1.6799178209121322,22.709840381921996,13250.305255307872,13886.344147494385,8.018531632290934,1499.3137522972938,1003.6679280142388,19.7276176,85.3144485,2025-12-10 05:52:17,2025-12-10 11:22:17,CC1448005,CC1448005_20251210_055217,CC1448005_20251210_055217.csv
1.9018233218536853,1.9363063106293223,22.713432588948137,13251.55894022227,13886.612449773453,8.01868169242862,1499.3281229754384,1003.668286535008,19.7276176,85.3144485,2025-12-10 05:52:17,2025-12-10 11:22:17,CC1448005,CC1448005_20251210_055217,CC1448005_20251210_055217.csv
0.15,0.1527093433041516,22.70950286318001,13318.139917078386,13957.5337383747,8.06312396881647,1499.3367170520287,1003.6948272376916,19.7276297,85.3144871,2025-12-10 05:56:22,2025-12-10 11:26:22,CC1448005,CC1448005_20251210_055622,CC1448005_20251210_055622.csv
0.4499999999999999,0.4581459521649063,22.717623124624502,13312.990992516474,13949.763337694782,8.058252699012215,1499.3590055705251,1003.6905068361954,19.7276297,85.3144871,2025-12-10 05:56:22,2025-12-10 11:26:22,CC1448005,CC1448005_20251210_055622,CC1448005_20251210_055622.csv
0.7499999999999998,0.7635777306568039,22.716831177170945,13306.622296849466,13943.32143247572,8.054201941235409,1499.3573528371237,1003.689001784744,19.7276297,85.3144871,2025-12-10 05:56:22,2025-12-10 11:26:22,CC1448005,CC1448005_20251210_055622,CC1448005_20251210_055622.csv
1.05,1.069009925809406,22.716916776216355,13302.264522328192,13938.730141255131,8.05130837153519,1499.3594140283185,1003.6881510268994,19.7276297,85.3144871,2025-12-10 05:56:22,2025-12-10 11:26:22,CC1448005,CC1448005_20251210_055622,CC1448005_20251210_055622.csv
1.35,1.374442278679496,22.71676471226048,13299.848609499186,13936.243047594848,8.049729063587884,1499.3622531641522,1003.6883478137588,19.7276297,85.3144871,2025-12-10 05:56:22,2025-12-10 11:26:22,CC1448005,CC1448005_20251210_055622,CC1448005_20251210_055622.csv
1.65,1.679873485535333,22.69286229664979,13294.233925756836,13937.341234697396,8.050363338346001,1499.3012998930185,1003.696065537776,19.7276297,85.3144871,2025-12-10 05:56:22,2025-12-10 11:26:22,CC1448005,CC1448005_20251210_055622,CC1448005_20251210_055622.csv
1.925139326798288,1.9599928533466315,22.697493486636574,13296.260167921466,13938.112043190156,8.050826534305324,1499.319302992044,1003.6965087679145,19.7276297,85.3144871,2025-12-10 05:56:22,2025-12-10 11:26:22,CC1448005,CC1448005_20251210_055622,CC1448005_20251210_055622.csv
0.15,0.1527368603868162,22.635973543009285,12891.79856609626,13531.57877046072,7.797329864603983,1498.8400128725414,1003.5128939745654,19.723375,85.2186695,2025-12-10 07:18:51,2025-12-10 12:48:51,CC1448005,CC1448005_20251210_071851,CC1448005_20251210_071851.csv
0.4499999999999999,0.4582288242350542,22.62831188307518,12886.75503979924,13528.460835894726,7.795354847531119,1498.8214188116258,1003.5146364816792,19.723375,85.2186695,2025-12-10 07:18:51,2025-12-10 12:48:51,CC1448005,CC1448005_20251210_071851,CC1448005_20251210_071851.csv
0.7499999999999998,0.7637151685374818,22.639724112467174,12882.440494148015,13520.691748482142,7.790503625813391,1498.8529926591857,1003.50953249394,19.723375,85.2186695,2025-12-10 07:18:51,2025-12-10 12:48:51,CC1448005,CC1448005_20251210_071851,CC1448005_20251210_071851.csv
1.05,1.0692010333859183,22.620012477307057,12882.15920405772,13525.993100271247,7.793759282503502,1498.8064447103527,1003.5181689998572,19.723375,85.2186695,2025-12-10 07:18:51,2025-12-10 12:48:51,CC1448005,CC1448005_20251210_071851,CC1448005_20251210_071851.csv
1.35,1.3746833684678357,22.598059022350768,12892.955284487229,13543.572520922588,7.804659553061952,1498.7619829315825,1003.5331056932184,19.723375,85.2186695,2025-12-10 07:18:51,2025-12-10 12:48:51,CC1448005,CC1448005_20251210_071851,CC1448005_20251210_071851.csv
1.65,1.680163758209744,22.615115668276484,12899.740047913783,13545.845543863945,7.806069463794989,1498.8162404661234,1003.5313325514225,19.723375,85.2186695,2025-12-10 07:18:51,2025-12-10 12:48:51,CC1448005,CC1448005_20251210_071851,CC1448005_20251210_071851.csv
1.9246062865624065,1.959790490857522,22.651476420958275,12871.941863047865,13506.341072557483,7.781482111623828,1498.8954881967395,1003.5051362551436,19.723375,85.2186695,2025-12-10 07:18:51,2025-12-10 12:48:51,CC1448005,CC1448005_20251210_071851,CC1448005_20251210_071851.csv
0.15,0.1527222096830299,22.61729445720815,13075.870405909973,13730.169421596138,7.921088987365518,1498.923560783635,1003.6106247636782,19.723359,85.21862,2025-12-10 07:21:52,2025-12-10 12:51:52,CC1448005,CC1448005_20251210_072152,CC1448005_20251210_072152.csv
0.4499999999999999,0.458184187321747,22.6160797839262,13067.07397880056,13721.282850348827,7.915519749932356,1498.9190475476887,1003.6080796301447,19.723359,85.21862,2025-12-10 07:21:52,2025-12-10 12:51:52,CC1448005,CC1448005_20251210_072152,CC1448005_20251210_072152.csv
0.7499999999999998,0.7636408145934696,22.614515164323524,13063.868022747389,13718.367159323558,7.913674320295161,1498.917640592342,1003.6084230619124,19.723359,85.21862,2025-12-10 07:21:52,2025-12-10 12:51:52,CC1448005,CC1448005_20251210_072152,CC1448005_20251210_072152.csv
1.05,1.0690976550545042,22.627104587783304,13068.111900879776,13719.196258081833,7.914180503676173,1498.9583838326869,1003.6070612812728,19.723359,85.21862,2025-12-10 07:21:52,2025-12-10 12:51:52,CC1448005,CC1448005_20251210_072152,CC1448005_20251210_072152.csv
1.35,1.3745508769147297,22.588406291518016,13087.357314969437,13750.573232899038,7.933681983063213,1498.87654681065,1003.6325846799934,19.723359,85.21862,2025-12-10 07:21:52,2025-12-10 12:51:52,CC1448005,CC1448005_20251210_072152,CC1448005_20251210_072152.csv
1.65,1.679987268709525,22.512724333591965,13199.37003271208,13890.352761123397,8.020801109325513,1498.7651879784942,1003.7180492019198,19.723359,85.21862,2025-12-10 07:21:52,2025-12-10 12:51:52,CC1448005,CC1448005_20251210_072152,CC1448005_20251210_072152.csv
1.9164324612684656,1.9512385643871435,22.51484186635699,13165.235867700514,13853.814251060568,7.997969095572566,1498.750495037584,1003.7015414136376,19.723359,85.21862,2025-12-10 07:21:52,2025-12-10 12:51:52,CC1448005,CC1448005_20251210_072152,CC1448005_20251210_072152.csv
0.15,0.1527199927579571,22.60725588623088,13094.149427014772,13752.26232142683,7.934858629126077,1498.910596680134,1003.623452438743,19.7233524,85.2186413,2025-12-10 07:23:33,2025-12-10 12:53:33,CC1448005,CC1448005_20251210_072333,CC1448005_20251210_072333.csv
0.4499999999999999,0.4581800656621561,22.63288935005178,13093.53848320224,13744.220287560624,7.929845874868805,1498.9817495817272,1003.6147339350432,19.7233524,85.2186413,2025-12-10 07:23:33,2025-12-10 12:53:33,CC1448005,CC1448005_20251210_072333,CC1448005_20251210_072333.csv
0.7499999999999998,0.7636353499659241,22.63532288038141,13091.38602012146,13741.258826979782,7.9279760682839315,1498.991491722503,1003.6140770639828,19.7233524,85.2186413,2025-12-10 07:23:33,2025-12-10 12:53:33,CC1448005,CC1448005_20251210_072333,CC1448005_20251210_072333.csv
1.05,1.0690896657541236,22.627425360648775,13097.618024797232,13750.07983910346,7.93344449843495,1498.9804111189364,1003.6214808986272,19.7233524,85.2186413,2025-12-10 07:23:33,2025-12-10 12:53:33,CC1448005,CC1448005_20251210_072333,CC1448005_20251210_072333.csv
1.35,1.3745361904697626,22.546282111035747,13121.917721600374,13799.099676139247,7.963907532865953,1498.7917861889264,1003.6656593076772,19.7233524,85.2186413,2025-12-10 07:23:33,2025-12-10 12:53:33,CC1448005,CC1448005_20251210_072333,CC1448005_20251210_072333.csv
1.65,1.6799651757228549,22.4351044248262,13178.21019138002,13890.778096909718,8.020963132903294,1498.5475474102598,1003.7371345500758,19.7233524,85.2186413,2025-12-10 07:23:33,2025-12-10 12:53:33,CC1448005,CC1448005_20251210_072333,CC1448005_20251210_072333.csv
1.858116706521594,1.891842285211656,22.486602744653048,13183.324165782113,13881.098461256574,8.014971018028206,1498.688998911016,1003.7209839321268,19.7233524,85.2186413,2025-12-10 07:23:33,2025-12-10 12:53:33,CC1448005,CC1448005_20251210_072333,CC1448005_20251210_072333.csv
0.15,0.1526973191568712,23.17190041552576,13841.64003856362,14366.923371474953,8.319696489527576,1500.8976336853952,1003.7726841241488,19.7160617,85.1959559,2025-12-10 08:11:05,2025-12-10 13:41:05,CC1448005,CC1448005_20251210_081105,CC1448005_20251210_081105.csv
0.4499999999999999,0.4581117982277078,23.174022150187294,13828.786979865134,14352.950368927592,8.310916068306387,1500.8988814407762,1003.7668957893328,19.7160617,85.1959559,2025-12-10 08:11:05,2025-12-10 13:41:05,CC1448005,CC1448005_20251210_081105,CC1448005_20251210_081105.csv
0.7499999999999998,0.7635213231485946,23.16635818908211,13813.93397251186,14339.815684511384,8.302655089682615,1500.8737841351365,1003.7639568898976,19.7160617,85.1959559,2025-12-10 08:11:05,2025-12-10 13:41:05,CC1448005,CC1448005_20251210_081105,CC1448005_20251210_081105.csv
1.05,1.068932556618147,23.157550619589063,13788.00641872507,14315.518793346311,8.287401531986745,1500.8378986615357,1003.7560478197488,19.7160617,85.1959559,2025-12-10 08:11:05,2025-12-10 13:41:05,CC1448005,CC1448005_20251210_081105,CC1448005_20251210_081105.csv
1.3270560700689735,1.3509911513434698,23.17530705686146,13741.752184199042,14262.236219874643,8.25401828697283,1500.854906383814,1003.7277344335185,19.7160617,85.1959559,2025-12-10 08:11:05,2025-12-10 13:41:05,CC1448005,CC1448005_20251210_081105,CC1448005_20251210_081105.csv
0.15,0.1526896296434901,23.175934439465024,13948.840096512113,14476.979283130857,8.388692868460126,1500.9840532749286,1003.8235366598844,19.7160374,85.1959885,2025-12-10 08:13:01,2025-12-10 13:43:01,CC1448005,CC1448005_20251210_081301,CC1448005_20251210_081301.csv
0.4499999999999999,0.4580873603959613,23.16031588180465,13936.468304751364,14468.829833834909,8.383544871122712,1500.9404865809877,1003.8249380891978,19.7160374,85.1959885,2025-12-10 08:13:01,2025-12-10 13:43:01,CC1448005,CC1448005_20251210_081301,CC1448005_20251210_081301.csv
0.7499999999999998,0.7634791761802763,23.171522166914517,13936.18687521924,14465.171794790183,8.38123272117405,1500.97377866416,1003.8217286197054,19.7160374,85.1959885,2025-12-10 08:13:01,2025-12-10 13:43:01,CC1448005,CC1448005_20251210_081301,CC1448005_20251210_081301.csv
1.05,1.0688709645501129,23.15159159452492,13925.208865859184,14459.759693013502,8.377798447663952,1500.9202142596064,1003.8255009510792,19.7160374,85.1959885,2025-12-10 08:13:01,2025-12-10 13:43:01,CC1448005,CC1448005_20251210_081301,CC1448005_20251210_081301.csv
1.337916241904903,1.3619621671570925,23.169242964971424,13924.926935741903,14454.16834334316,8.374279978253698,1500.96971986774,1003.8197114415258,19.7160374,85.1959885,2025-12-10 08:13:01,2025-12-10 13:43:01,CC1448005,CC1448005_20251210_081301,CC1448005_20251210_081301.csv
0.15,0.1526883731813185,23.15939349687565,13952.048101093722,14485.282193180925,8.393888243610775,1500.9442427848976,1003.8316001125324,19.7160473,85.1959353,2025-12-10 08:14:37,2025-12-10 13:44:37,CC1448005,CC1448005_20251210_081437,CC1448005_20251210_081437.csv
0.4499999999999999,0.4580850592207476,23.17828858126317,13950.042862693328,14477.520137689764,8.38900746056135,1500.9958684697658,1003.8245264548968,19.7160473,85.1959353,2025-12-10 08:14:37,2025-12-10 13:44:37,CC1448005,CC1448005_20251210_081437,CC1448005_20251210_081437.csv
0.7499999999999998,0.7634766973358926,23.18646403762368,13952.205015577718,14477.307366529249,8.388853482405386,1501.0231717835698,1003.8236997431396,19.7160473,85.1959353,2025-12-10 08:14:37,2025-12-10 13:44:37,CC1448005,CC1448005_20251210_081437,CC1448005_20251210_081437.csv
1.05,1.0688677478032411,23.16136954682209,13939.730289708665,14471.89980359318,8.38541830816642,1500.9554299692209,1003.8287723057801,19.7160473,85.1959353,2025-12-10 08:14:37,2025-12-10 13:44:37,CC1448005,CC1448005_20251210_081437,CC1448005_20251210_081437.csv
1.3382147208504058,1.36225988574545,23.14404245476108,13939.50301968602,14476.872224413211,8.38849868671881,1500.9159314201863,1003.8367337108384,19.7160473,85.1959353,2025-12-10 08:14:37,2025-12-10 13:44:37,CC1448005,CC1448005_20251210_081437,CC1448005_20251210_081437.csv
